{
    "fields": [
        {
            "name": "id",
            "labels": "Id",
            "html-type": "text",
            "css-class": "",
            "options": {},
            "html-value": null,
            "validation": "",
            "is-on-index": false,
            "is-on-show": false,
            "is-on-form": false,
            "data-type": "int",
            "data-type-params": [],
            "data-value": null,
            "is-index": false,
            "is-unique": false,
            "is-primary": true,
            "comment": null,
            "is-nullable": false,
            "is-header": false,
            "is-unsigned": true,
            "is-auto-increment": true,
            "is-inline-options": false,
            "is-date": false,
            "date-format": "",
            "cast-as": "",
            "placeholder": "Enter id here...",
            "delimiter": "; ",
            "range": [],
            "foreign-relation": null,
            "foreign-constraint": null,
            "on-store": null,
            "on-update": null,
            "api-key": "id",
            "is-api-visible": true,
            "api-description": "The id of the model."
        },
        {
            "name": "fecha",
            "labels": "Fecha",
            "html-type": "date",
            "css-class": "",
            "options": {},
            "html-value": null,
            "validation": "string|min:1",
            "is-on-index": true,
            "is-on-show": true,
            "is-on-form": true,
            "data-type": "date",
            "data-type-params": [],
            "data-value": null,
            "is-index": false,
            "is-unique": false,
            "is-primary": false,
            "comment": null,
            "is-nullable": true,
            "is-header": false,
            "is-unsigned": false,
            "is-auto-increment": false,
            "is-inline-options": false,
            "is-date": false,
            "date-format": "",
            "cast-as": "",
            "placeholder": "Enter fecha here...",
            "delimiter": "; ",
            "range": [],
            "foreign-relation": null,
            "foreign-constraint": null,
            "on-store": null,
            "on-update": null,
            "api-key": "fecha",
            "is-api-visible": true,
            "api-description": "The fecha of the model."
        },
        {
            "name": "mes",
            "labels": "Mes",
            "html-type": "text",
            "css-class": "",
            "options": {},
            "html-value": null,
            "validation": "string|min:1",
            "is-on-index": true,
            "is-on-show": true,
            "is-on-form": true,
            "data-type": "string",
            "data-type-params": [],
            "data-value": null,
            "is-index": false,
            "is-unique": false,
            "is-primary": false,
            "comment": null,
            "is-nullable": true,
            "is-header": false,
            "is-unsigned": false,
            "is-auto-increment": false,
            "is-inline-options": false,
            "is-date": false,
            "date-format": "",
            "cast-as": "",
            "placeholder": "Enter mes here...",
            "delimiter": "; ",
            "range": [],
            "foreign-relation": null,
            "foreign-constraint": null,
            "on-store": null,
            "on-update": null,
            "api-key": "mes",
            "is-api-visible": true,
            "api-description": "The mes of the model."
        },
        {
            "name": "concepto",
            "labels": "Concepto",
            "html-type": "text",
            "css-class": "",
            "options": {},
            "html-value": null,
            "validation": "string|min:1",
            "is-on-index": true,
            "is-on-show": true,
            "is-on-form": true,
            "data-type": "string",
            "data-type-params": [],
            "data-value": null,
            "is-index": false,
            "is-unique": false,
            "is-primary": false,
            "comment": null,
            "is-nullable": true,
            "is-header": false,
            "is-unsigned": false,
            "is-auto-increment": false,
            "is-inline-options": false,
            "is-date": false,
            "date-format": "",
            "cast-as": "",
            "placeholder": "Enter concepto here...",
            "delimiter": "; ",
            "range": [],
            "foreign-relation": null,
            "foreign-constraint": null,
            "on-store": null,
            "on-update": null,
            "api-key": "concepto",
            "is-api-visible": true,
            "api-description": "The concepto of the model."
        },
        {
            "name": "monto_importe",
            "labels": "Monto Importe",
            "html-type": "text",
            "css-class": "",
            "options": {},
            "html-value": null,
            "validation": "string|min:1",
            "is-on-index": true,
            "is-on-show": true,
            "is-on-form": true,
            "data-type": "string",
            "data-type-params": [],
            "data-value": null,
            "is-index": false,
            "is-unique": false,
            "is-primary": false,
            "comment": null,
            "is-nullable": true,
            "is-header": false,
            "is-unsigned": false,
            "is-auto-increment": false,
            "is-inline-options": false,
            "is-date": false,
            "date-format": "",
            "cast-as": "",
            "placeholder": "Enter monto importe here...",
            "delimiter": "; ",
            "range": [],
            "foreign-relation": null,
            "foreign-constraint": null,
            "on-store": null,
            "on-update": null,
            "api-key": "monto_importe",
            "is-api-visible": true,
            "api-description": "The monto importe of the model."
        },
        {
            "name": "descripcion",
            "labels": "Descripcion",
            "html-type": "text",
            "css-class": "",
            "options": {},
            "html-value": null,
            "validation": "string|min:1",
            "is-on-index": true,
            "is-on-show": true,
            "is-on-form": true,
            "data-type": "string",
            "data-type-params": [],
            "data-value": null,
            "is-index": false,
            "is-unique": false,
            "is-primary": false,
            "comment": null,
            "is-nullable": true,
            "is-header": false,
            "is-unsigned": false,
            "is-auto-increment": false,
            "is-inline-options": false,
            "is-date": false,
            "date-format": "",
            "cast-as": "",
            "placeholder": "Enter descripcion here...",
            "delimiter": "; ",
            "range": [],
            "foreign-relation": null,
            "foreign-constraint": null,
            "on-store": null,
            "on-update": null,
            "api-key": "descripcion",
            "is-api-visible": true,
            "api-description": "The descripcion of the model."
        },
        {
            "name": "tipo_moneda_id",
            "labels": "Tipo Moneda",
            "html-type": "select",
            "css-class": "",
            "options": {},
            "html-value": null,
            "validation": "",
            "is-on-index": true,
            "is-on-show": true,
            "is-on-form": true,
            "data-type": "int",
            "data-type-params": [],
            "data-value": null,
            "is-index": true,
            "is-unique": false,
            "is-primary": false,
            "comment": null,
            "is-nullable": true,
            "is-header": false,
            "is-unsigned": true,
            "is-auto-increment": false,
            "is-inline-options": false,
            "is-date": false,
            "date-format": "",
            "cast-as": "",
            "placeholder": "Select tipo moneda",
            "delimiter": "; ",
            "range": [],
            "foreign-relation": {
                "name": "tipoMoneda",
                "type": "belongsTo",
                "params": [
                    "App\\Models\\TipoMoneda",
                    "tipo_moneda_id"
                ],
                "field": "created_at"
            },
            "foreign-constraint": null,
            "on-store": null,
            "on-update": null,
            "api-key": "tipo_moneda_id",
            "is-api-visible": true,
            "api-description": "The tipo moneda of the model."
        },
        {
            "name": "cuenta_egresos_id",
            "labels": "Cuenta Egresos",
            "html-type": "select",
            "css-class": "",
            "options": {},
            "html-value": null,
            "validation": "",
            "is-on-index": true,
            "is-on-show": true,
            "is-on-form": true,
            "data-type": "int",
            "data-type-params": [],
            "data-value": null,
            "is-index": true,
            "is-unique": false,
            "is-primary": false,
            "comment": null,
            "is-nullable": true,
            "is-header": false,
            "is-unsigned": true,
            "is-auto-increment": false,
            "is-inline-options": false,
            "is-date": false,
            "date-format": "",
            "cast-as": "",
            "placeholder": "Select cuenta egresos",
            "delimiter": "; ",
            "range": [],
            "foreign-relation": {
                "name": "cuentaEgreso",
                "type": "belongsTo",
                "params": [
                    "App\\Models\\CuentaEgreso",
                    "cuenta_egresos_id"
                ],
                "field": "created_at"
            },
            "foreign-constraint": null,
            "on-store": null,
            "on-update": null,
            "api-key": "cuenta_egresos_id",
            "is-api-visible": true,
            "api-description": "The cuenta egresos of the model."
        },
        {
            "name": "parcels_id",
            "labels": "Parcels",
            "html-type": "select",
            "css-class": "",
            "options": {},
            "html-value": null,
            "validation": "",
            "is-on-index": true,
            "is-on-show": true,
            "is-on-form": true,
            "data-type": "int",
            "data-type-params": [],
            "data-value": null,
            "is-index": true,
            "is-unique": false,
            "is-primary": false,
            "comment": null,
            "is-nullable": true,
            "is-header": false,
            "is-unsigned": true,
            "is-auto-increment": false,
            "is-inline-options": false,
            "is-date": false,
            "date-format": "",
            "cast-as": "",
            "placeholder": "Select parcels",
            "delimiter": "; ",
            "range": [],
            "foreign-relation": {
                "name": "parcel",
                "type": "belongsTo",
                "params": [
                    "App\\Models\\Parcel",
                    "parcels_id"
                ],
                "field": "latitude"
            },
            "foreign-constraint": null,
            "on-store": null,
            "on-update": null,
            "api-key": "parcels_id",
            "is-api-visible": true,
            "api-description": "The parcels of the model."
        },
        {
            "name": "menbers_id",
            "labels": "Menbers",
            "html-type": "select",
            "css-class": "",
            "options": {},
            "html-value": null,
            "validation": "",
            "is-on-index": true,
            "is-on-show": true,
            "is-on-form": true,
            "data-type": "int",
            "data-type-params": [],
            "data-value": null,
            "is-index": true,
            "is-unique": false,
            "is-primary": false,
            "comment": null,
            "is-nullable": true,
            "is-header": false,
            "is-unsigned": true,
            "is-auto-increment": false,
            "is-inline-options": false,
            "is-date": false,
            "date-format": "",
            "cast-as": "",
            "placeholder": "Select menbers",
            "delimiter": "; ",
            "range": [],
            "foreign-relation": {
                "name": "menber",
                "type": "belongsTo",
                "params": [
                    "App\\Models\\Menber",
                    "menbers_id"
                ],
                "field": "id"
            },
            "foreign-constraint": null,
            "on-store": null,
            "on-update": null,
            "api-key": "menbers_id",
            "is-api-visible": true,
            "api-description": "The menbers of the model."
        }
    ],
    "relations": [
        {
            "name": "menber",
            "type": "belongsTo",
            "params": [
                "App\\Models\\Menber",
                "menbers_id"
            ],
            "field": "id"
        }
    ],
    "indexes": [],
    "auto-manage-created-and-updated-at": true,
    "table-name": null,
    "protection": {
        "is-model-protected": false,
        "is-controller-protected": false,
        "is-api-resource-protected": false,
        "is-api-resource-collection-protected": false,
        "is-api-documentation-protected": false,
        "is-api-documentation-controller-protected": false,
        "is-form-request-protected": false,
        "is-languages-protected": false,
        "is-form-view-protected": false,
        "is-index-view-protected": false,
        "is-create-view-protected": false,
        "is-edit-view-protected": false,
        "is-show-view-protected": false
    },
    "api-documentation": {
        "access_token_with_bearer": "The access token prefixed with the \"Bearer \" key word.",
        "index_route_description": "Retrieve existing ingresos.",
        "index_route_response_description": "The API's response will be JSON based data. The JSON object will be structured as follow",
        "the_key_is_the_model_property_and_the_value_is_the_model_value": "The array's key is the ingreso property name where the value is the assigned value to the retrieved ingreso.",
        "link_to_retrieve_first_page": "Link to retrieve first page.",
        "link_to_retrieve_last_page": "Link to retrieve last page.",
        "link_to_retrieve_previous_page": "Link to retrieve previous page.",
        "link_to_retrieve_next_page": "Link to retrieve next page.",
        "the_number_of_current_page": "The number of current page.",
        "the_index_of_the_first_retrieved_item": "The index of first retrieved ingreso.",
        "the_number_of_the_last_page": "The number of the last page.",
        "the_base_link_to_the_resource": "The base link to the api resource.",
        "the_number_of_models_per_page": "The number of ingresos per page.",
        "the_index_of_the_last_retrieved_item": "The index of last retrieved ingreso.",
        "the_total_of_available_pages": "The total of the available pages.",
        "store_route_description": "Create new ingreso.",
        "store_route_response_description": "The API's response will be JSON based data. The JSON object will be structured as follow",
        "update_route_description": "Update existsing ingreso.",
        "update_route_response_description": "The API's response will be JSON based data. The JSON object will be structured as follow",
        "show_route_description": "Retrieve existsing ingreso.",
        "show_route_response_description": "The API's response will be JSON based data. The JSON object will be structured as follow",
        "the_id_of_model_to_retrieve": "The unique id of the ingreso to retrieve",
        "destroy_route_description": "Delete existsing ingreso.",
        "destroy_route_response_description": "The API's response will be JSON based data. The JSON object will be structured as follow",
        "the_id_of_model_to_delete": "The id of the ingreso to delete.",
        "general_description": "Allows you to list, create, edit, show and delete ingresos.",
        "indicate_whether_the_request_was_successful_or_not": "Indicate whether the request was successful or not.",
        "the_id_of_the_model": "The id of the ingreso.",
        "this_parameter_must_be_present_in_the_request": "This parameter must be present in the request.",
        "the_request_failed_validation": "The request failed validation.",
        "list_of_the_invalid_errors": "List of the invalid errors.",
        "the_requested_model_does_not_exists": "The requested ingreso does not exists.",
        "the_user_does_not_have_permission_to_access_the_requested_resource": "User does not have permission to access the requested resource."
    }
}
