[
    {
        "model-name": "CuentaIngreso",
        "resource-file": "cuenta_ingresos.json"
    },
    {
        "model-name": "CuentaEgreso",
        "resource-file": "cuenta_egresos.json"
    },
    {
        "model-name": "Egreso",
        "resource-file": "egresos.json"
    },
    {
        "model-name": "Ingreso",
        "resource-file": "ingresos.json"
    },
    {
        "model-name": "Mes",
        "resource-file": "mes.json"
    },
    {
        "model-name": "Lectura",
        "resource-file": "lecturas.json",
        "table-name": "lecturas"
    }
]